<?xml version="1.0"?>
<Quiz xmlns:xsi="http://www.w3.org/2001/XMLSchema-instance" xmlns:xsd="http://www.w3.org/2001/XMLSchema">
  <QuizId>1</QuizId>
  <QuizDate>2020-11-07T00:00:00</QuizDate>
  <Description>Quiz on DotNet Framework</Description>
  <Questions>
    <Question>
      <QuestionId>1</QuestionId>
      <QuestionText>When DotNet Framework got introduced?</QuestionText>
      <Options>
        <Option>
          <OptionId>1</OptionId>
          <OptionText>2020</OptionText>
          <IsCorrect>false</IsCorrect>
        </Option>
        <Option>
          <OptionId>2</OptionId>
          <OptionText>2000</OptionText>
          <IsCorrect>true</IsCorrect>
        </Option>
        <Option>
          <OptionId>3</OptionId>
          <OptionText>2010</OptionText>
          <IsCorrect>false</IsCorrect>
        </Option>
      </Options>
    </Question>
    <Question>
      <QuestionId>2</QuestionId>
      <QuestionText>Which Company Came up with DotNet Framework?</QuestionText>
      <Options>
        <Option>
          <OptionId>1</OptionId>
          <OptionText>Oracle</OptionText>
          <IsCorrect>false</IsCorrect>
        </Option>
        <Option>
          <OptionId>2</OptionId>
          <OptionText>Google</OptionText>
          <IsCorrect>false</IsCorrect>
        </Option>
        <Option>
          <OptionId>3</OptionId>
          <OptionText>Microsoft</OptionText>
          <IsCorrect>true</IsCorrect>
        </Option>
      </Options>
    </Question>
  </Questions>
</Quiz>